model,feature_set,method_type,eval_protocol,auc,f1,recall,fnr,dp_diff,fnr_gap,worst_group_sensitivity,macro_avg_fnr,attack_auc,attack_advantage,primary_screening_score
Logistic Regression,Original Features,Standard,5-fold CV,0.8094005940832296,0.450378428197164,0.7578426850360174,0.2421573149639825,0.070276710943724,0.0213690102411019,0.7476468654938255,0.2416686293856234,,,0.5059782361082021
Random Forest,Original Features,Standard,5-fold CV,0.811794691005695,0.4592168423127344,0.7211446383422448,0.2788553616577551,0.0345283911108255,0.0179515619514406,0.7117393536243947,0.2792848653998849,,,0.43245448822450977
XGBoost,Original Features,Standard,5-fold CV,0.8161296795432682,0.4459413182539068,0.801493179481497,0.1985068205185031,0.0780627565422735,0.0236976961115353,0.7901974141035328,0.1979537378406994,,,0.5922436762628335
LightGBM,Original Features,Standard,5-fold CV,0.8162870451359797,0.4511853520829813,0.7807506690225026,0.2192493309774973,0.0754632066384412,0.0221774134957624,0.7701674351710059,0.2187438580811128,,,0.5514235770898932
CatBoost,Original Features,Standard,5-fold CV,0.8150427317409503,0.4458270044663167,0.7995842988648232,0.2004157011351768,0.0708132038229485,0.0144645976747591,0.7926973223393441,0.2000703788232764,,,0.5926269435160677
MLP,Original Features,Standard,5-fold CV,0.8136513208703156,0.2424188349082248,0.1541161860623322,0.8458838139376678,0.0037267640113707,0.0087639081686748,0.1495360217825782,0.8460820241330843,,,-0.6965460023505061
Fairlearn-DP,Original Features,Fairness-Aware,5-fold CV,0.7326044929574657,0.4497172916764965,0.7539108256831579,0.2460891743168421,0.0077346644818167,0.0473902630506603,0.7291706286457058,0.2471342398289639,,,0.48203638881674193
VFAE,Original Features,Fair Deep Representation,5-fold CV,0.8139619261982866,0.4696312207907437,0.6371490407193499,0.3628509592806501,0.0420310666029102,0.0069874628024189,0.6337001796014308,0.3628060889973596,,,0.27089409060407116
Logistic Regression,Without Sensitive Attributes,Standard,5-fold CV,0.8003352575971363,0.4430025356827972,0.7459328180855463,0.2540671819144536,0.0205821010079551,0.0426412872882547,0.7236679830362762,0.2550113733195964,,,0.46865660971667983
Random Forest,Without Sensitive Attributes,Standard,5-fold CV,0.8012825862017527,0.4492475126984063,0.7129387511065812,0.2870612488934188,0.0217776959849425,0.0465565631607637,0.6886062808970463,0.2881154375225717,,,0.40049084337447466
XGBoost,Without Sensitive Attributes,Standard,5-fold CV,0.8051857732834149,0.438719375669146,0.7805511941742174,0.2194488058257825,0.0284499299902113,0.0385665621554883,0.7603917023814935,0.2203250165407623,,,0.5400666858407311
LightGBM,Without Sensitive Attributes,Standard,5-fold CV,0.8052305625371391,0.4442239988029291,0.7619741613017009,0.2380258386982991,0.0257799278603291,0.0421739360142557,0.7399367849247193,0.2389762470681529,,,0.5009605378565664
CatBoost,Without Sensitive Attributes,Standard,5-fold CV,0.8046670110877319,0.4374800495151406,0.7824033423321071,0.2175966576678929,0.0284786960400249,0.0403514751785821,0.7613244247863641,0.2184998376243448,,,0.5428245871620193
MLP,Without Sensitive Attributes,Standard,5-fold CV,0.8025466238300236,0.2175853771057554,0.1345126760128897,0.8654873239871105,0.0071058341972673,0.0436712117198447,0.111678858980987,0.8664855351590905,,,-0.7548066761781036
Fairlearn-DP,Without Sensitive Attributes,Fairness-Aware,5-fold CV,0.7269016160403244,0.4443619893821363,0.7427417238273486,0.2572582761726514,0.0123284872642157,0.0526310958114553,0.7152596775177871,0.2584247745764851,,,0.45683490294130197
VFAE,Without Sensitive Attributes,Fair Deep Representation,5-fold CV,0.8033967728856564,0.4595293911567772,0.6101665077573327,0.3898334922426673,0.0048530285235864,0.0603234564852302,0.5786211234164529,0.3912171483409319,,,0.18740397507552098
Logistic Regression,Without Sensitive Attributes + Proxy-Reduced Features,Standard,5-fold CV,0.7992436958334627,0.4410539767785518,0.7473575062234415,0.2526424937765584,0.0309617870826484,0.0308402170284896,0.7312534173522126,0.2533264741335426,,,0.47792694321867
Random Forest,Without Sensitive Attributes + Proxy-Reduced Features,Standard,5-fold CV,0.7999346551639882,0.4475182008326508,0.7215719400617535,0.2784280599382466,0.0302185635835291,0.0343072225396683,0.7036336623628734,0.2792127263672924,,,0.424420935995581
XGBoost,Without Sensitive Attributes + Proxy-Reduced Features,Standard,5-fold CV,0.8039984803388098,0.4376583774782747,0.7818619221981524,0.2181380778018476,0.0400038943656141,0.0273731488837844,0.7675603390584953,0.2187530864996124,,,0.548807252558883
LightGBM,Without Sensitive Attributes + Proxy-Reduced Features,Standard,5-fold CV,0.803695073370476,0.4432214610062336,0.7621166723289533,0.2378833276710467,0.0370142241318706,0.0287723128724699,0.7470719146567708,0.2385419289069942,,,0.5085299857497766
CatBoost,Without Sensitive Attributes + Proxy-Reduced Features,Standard,5-fold CV,0.8035258257819091,0.4373494632414257,0.7813491828650683,0.2186508171349316,0.0388643976095384,0.0270405052174951,0.7672221533890898,0.2192575940021625,,,0.5479645593869273
MLP,Without Sensitive Attributes + Proxy-Reduced Features,Standard,5-fold CV,0.8016804599092806,0.2281639230109958,0.1430036299519131,0.8569963700480867,0.005640773481219,0.0389816386869874,0.1226395162924092,0.8578696643640971,,,-0.7352301480716879
Fairlearn-DP,Without Sensitive Attributes + Proxy-Reduced Features,Fairness-Aware,5-fold CV,0.7254491967646358,0.4416644533528086,0.7448786302055999,0.2551213697944001,0.0232521186279231,0.039686701400593,0.7241478803624787,0.2560087689372248,,,0.4681391114252539
VFAE,Without Sensitive Attributes + Proxy-Reduced Features,Fair Deep Representation,5-fold CV,0.8020662844621882,0.4589629775096037,0.6119046795653149,0.388095320434685,0.0174281138125683,0.0437272212038308,0.5890297243014881,0.3891066650965965,,,0.19992305920489162
DP-LR (ε=0.1),Without Sensitive Attributes + Proxy-Reduced Features,Differential Privacy,Holdout,0.7374673445777569,0.2749922624574435,0.2025302028721221,0.7974697971278778,0.0002336452223481,0.0198489973615255,0.1922256458876511,,,,
DP-LR (ε=0.5),Without Sensitive Attributes + Proxy-Reduced Features,Differential Privacy,Holdout,0.7988274232863922,0.2492671226792218,0.1599042625940278,0.8400957374059722,0.0022971917871024,0.0299669390653176,0.1443470016591609,,,,
DP-LR (ε=1.0),Without Sensitive Attributes + Proxy-Reduced Features,Differential Privacy,Holdout,0.800706650824808,0.246313343462329,0.1570549350353316,0.8429450649646684,0.0034903255738278,0.0336097040490863,0.1396065418345579,,,,
DP-LR (ε=5.0),Without Sensitive Attributes + Proxy-Reduced Features,Differential Privacy,Holdout,0.8011435903246393,0.2451798045018384,0.1558012309095053,0.8441987690904946,0.004491616324864,0.038043204790206,0.1360511969661057,,,,
DP-LR (ε=inf),Without Sensitive Attributes + Proxy-Reduced Features,Differential Privacy,Holdout,0.8012504452385806,0.4412768520377434,0.7515386368816959,0.2484613631183041,0.0340690481241254,0.0332110058803036,0.7342972268310026,,,,
MLP non-private,Without Sensitive Attributes + Proxy-Reduced Features,Standard,Holdout,0.804469583206967,0.443170651817884,0.7710280373831776,0.2289719626168224,0.0389314385767203,0.025552535456532,0.7577625029627874,0.2294612293089465,,,0.5283012736538408
DP-SGD MLP (ε=0.5) [fixed],Without Sensitive Attributes + Proxy-Reduced Features,DP-SGD Deep Learning,Holdout,0.7996706811763881,0.45737460685317,0.6298153635741965,0.3701846364258034,0.0289683981379905,0.0329596730487687,0.612704432329936,0.3708157311456797,,,0.24188870118425632
DP-SGD MLP (ε=0.5) [adaptive],Without Sensitive Attributes + Proxy-Reduced Features,DP-SGD Deep Learning,Holdout,0.8007731279029632,0.4575574365175333,0.6469113289263734,0.3530886710736266,0.0235242461179752,0.0485411638167102,0.6217113059966817,0.3540181120949632,,,0.2676931939017185
DP-SGD MLP (ε=1.0) [fixed],Without Sensitive Attributes + Proxy-Reduced Features,DP-SGD Deep Learning,Holdout,0.8003214184553588,0.4554315815670496,0.625712331889674,0.374287668110326,0.022493850848468,0.046971244245818,0.6013273287508888,0.3751870491262021,,,0.2261402796246867
DP-SGD MLP (ε=1.0) [adaptive],Without Sensitive Attributes + Proxy-Reduced Features,DP-SGD Deep Learning,Holdout,0.800374379184325,0.4573257775662932,0.6024618190107135,0.3975381809892865,0.0272467022083154,0.0268396405472187,0.5885280872244608,0.3980520925019298,,,0.19047599472253102
DP-SGD MLP (ε=3.0) [fixed],Without Sensitive Attributes + Proxy-Reduced Features,DP-SGD Deep Learning,Holdout,0.803654337206011,0.4594649289674991,0.6469113289263734,0.3530886710736266,0.0291485557723186,0.0389533626693732,0.6266887888125148,0.3538345298527985,,,0.27285425895971627
DP-SGD MLP (ε=3.0) [adaptive],Without Sensitive Attributes + Proxy-Reduced Features,DP-SGD Deep Learning,Holdout,0.8027995096213164,0.4580068075674819,0.6594483701846364,0.3405516298153636,0.0320779783864038,0.0315998739693337,0.6430433752073951,0.341156687807938,,,0.30188668739945707
DP-SGD MLP (ε=5.0) [fixed],Without Sensitive Attributes + Proxy-Reduced Features,DP-SGD Deep Learning,Holdout,0.8030707313625481,0.4551847972467455,0.5200592660132208,0.4799407339867791,0.0178197198592195,0.030192462148521,0.5043849253377578,0.4805188435879817,,,0.023866081749776114
DP-SGD MLP (ε=5.0) [adaptive],Without Sensitive Attributes + Proxy-Reduced Features,DP-SGD Deep Learning,Holdout,0.8010046590008977,0.4567219152854512,0.6077045817187143,0.3922954182812856,0.0298794973925262,0.0287203178137477,0.5927945010666035,0.3928453400265226,,,0.19994916104008087
DP-SGD MLP (ε=10.0) [fixed],Without Sensitive Attributes + Proxy-Reduced Features,DP-SGD Deep Learning,Holdout,0.8026939481771962,0.4573212765094684,0.6426943241395031,0.3573056758604969,0.0262074477568721,0.0440707176697127,0.6198151220668405,0.3581495190983031,,,0.2616656029685374
DP-SGD MLP (ε=10.0) [adaptive],Without Sensitive Attributes + Proxy-Reduced Features,DP-SGD Deep Learning,Holdout,0.8023826910237393,0.4569105016389361,0.6275359015272396,0.3724640984727604,0.0310099519128924,0.0372435709139747,0.6082009954965631,0.3731772190464495,,,0.23502377645011363
VFAE,Without Sensitive Attributes + Proxy-Reduced Features,Fair Deep Representation,Holdout,0.8044625752508023,0.4349518161601186,0.8024846136311831,0.1975153863688169,0.0422913775333362,0.0231397402737966,0.790471675752548,0.1979584541105536,,,0.5925132216419944
ERM source-pooled,Without Sensitive Attributes + Proxy-Reduced Features,Transfer/Oracle,Source->Target Holdout,0.7714561056837027,0.5056094793898903,0.8879787469559443,0.1120212530440557,0.0148050636665055,0.0196430224149437,0.8748326639892905,0.1153458248032376,,,0.7594868391860529
IRM source-invariant,Without Sensitive Attributes + Proxy-Reduced Features,Invariant Learning,Source->Target Holdout,0.7543709384268061,0.5002264932375591,0.8556564091210981,0.1443435908789019,0.0132405113771444,0.0153528437268757,0.8453815261044176,0.1469420520321444,,,0.6984394740722732
Oracle target-trained,Without Sensitive Attributes + Proxy-Reduced Features,Transfer/Oracle,Source->Target Holdout,0.7714833643159884,0.5288700248258188,0.7310161611689174,0.2689838388310825,0.0113502514194269,0.0261418371689426,0.713520749665328,0.2734083317502007,,,0.4401124179151273
Oracle (train on target),Without Sensitive Attributes,Transfer/Oracle,Holdout,0.7718219746897016,0.4975573092822247,0.8795394154118689,0.1204605845881311,0.0277316468133297,0.0281201310241674,0.8606224627875507,,,,
Naive transfer,Without Sensitive Attributes,Transfer Learning,Holdout,0.7663155375968361,0.5091545503500269,0.837466784765279,0.1625332152347209,0.0249706149263547,0.0299472357802521,0.8173207036535859,,,,
IPS-weighted transfer,Without Sensitive Attributes,Transfer Learning,Holdout,0.7663155375968361,0.5091545503500269,0.837466784765279,0.1625332152347209,0.0249706149263547,0.0299472357802521,0.8173207036535859,,,,
MLP non-private,Without Sensitive Attributes + Proxy-Reduced Features,Privacy Attack,Holdout,0.5020419608614859,,,,,,,,0.5020419608614859,0.0020419608614858,
DP-SGD MLP ε=0.5,Without Sensitive Attributes + Proxy-Reduced Features,Privacy Attack,Holdout,0.502202628293668,,,,,,,,0.502202628293668,0.002202628293668,
DP-SGD MLP ε=1.0,Without Sensitive Attributes + Proxy-Reduced Features,Privacy Attack,Holdout,0.5019788381817364,,,,,,,,0.5019788381817364,0.0019788381817363,
DP-SGD MLP ε=3.0,Without Sensitive Attributes + Proxy-Reduced Features,Privacy Attack,Holdout,0.5021680348550307,,,,,,,,0.5021680348550307,0.0021680348550306,
DP-SGD MLP ε=5.0,Without Sensitive Attributes + Proxy-Reduced Features,Privacy Attack,Holdout,0.5021544890447707,,,,,,,,0.5021544890447707,0.0021544890447706,
DP-SGD MLP ε=10.0,Without Sensitive Attributes + Proxy-Reduced Features,Privacy Attack,Holdout,0.5021041316094347,,,,,,,,0.5021041316094347,0.0021041316094346,
